[
    {
        "id": "LIV8994",
        "titre": "carence3",
        "auteur": "albert",
        "genre": "romance",
        "annee": "2025"
    },
    {
        "id": "LIV7707",
        "titre": "Alexandra",
        "auteur": "Albert Einstein",
        "genre": "Policier",
        "annee": "2023"
    },
    {
        "id": "LIV4380",
        "titre": "Dune",
        "auteur": "Frank Herbert",
        "genre": "Science-Fiction",
        "annee": "1965"
    },
    {
        "id": "LIV5269",
        "titre": "les mis\u00e9rables",
        "auteur": "Victor Hugo",
        "genre": "Roman",
        "annee": "1862"
    },
    {
        "id": "LIV9732",
        "titre": "Sapiens une br\u00e8ve histoire de humanit\u00e9",
        "auteur": "Yuval Noah Harari",
        "genre": "Histoire",
        "annee": "2011"
    }
]