[
    {
        "id": "UT2702",
        "nom": "Albert",
        "prenom": "Bekersen marc",
        "email": "bekersenalbert@gmail.com"
    },
    {
        "id": "UT9203",
        "nom": "Handy",
        "prenom": "Monssignac",
        "email": "handy@gmail.com"
    },
    {
        "id": "UT5689",
        "nom": "Esperance",
        "prenom": "Sophonie Christella",
        "email": "sophoniesperance@gmail.com"
    },
    {
        "id": "UT7823",
        "nom": "Dume",
        "prenom": "Loven Sheneider",
        "email": "lovendume@gmail.com"
    },
    {
        "id": "UT9203",
        "nom": "Handy",
        "prenom": "Monssignac",
        "email": "handy@gmail.com"
    },
    {
        "id": "UT8465",
        "nom": "Michel",
        "prenom": "Vanessa",
        "email": "vanessamichel@gmail.com"
    }
]